date,cpi
7/1/2012,228.59
7/2/2012,228.59
7/3/2012,228.59
7/4/2012,228.59
7/5/2012,228.59
7/6/2012,228.59
7/7/2012,228.59
7/8/2012,228.59
7/9/2012,228.59
7/10/2012,228.59
7/11/2012,228.59
7/12/2012,228.59
7/13/2012,228.59
7/14/2012,228.59
7/15/2012,228.59
7/16/2012,228.59
7/17/2012,228.59
7/18/2012,228.59
7/19/2012,228.59
7/20/2012,228.59
7/21/2012,228.59
7/22/2012,228.59
7/23/2012,228.59
7/24/2012,228.59
7/25/2012,228.59
7/26/2012,228.59
7/27/2012,228.59
7/28/2012,228.59
7/29/2012,228.59
7/30/2012,228.59
7/31/2012,228.59
8/1/2012,229.918
8/2/2012,229.918
8/3/2012,229.918
8/4/2012,229.918
8/5/2012,229.918
8/6/2012,229.918
8/7/2012,229.918
8/8/2012,229.918
8/9/2012,229.918
8/10/2012,229.918
8/11/2012,229.918
8/12/2012,229.918
8/13/2012,229.918
8/14/2012,229.918
8/15/2012,229.918
8/16/2012,229.918
8/17/2012,229.918
8/18/2012,229.918
8/19/2012,229.918
8/20/2012,229.918
8/21/2012,229.918
8/22/2012,229.918
8/23/2012,229.918
8/24/2012,229.918
8/25/2012,229.918
8/26/2012,229.918
8/27/2012,229.918
8/28/2012,229.918
8/29/2012,229.918
8/30/2012,229.918
8/31/2012,229.918
9/1/2012,231.015
9/2/2012,231.015
9/3/2012,231.015
9/4/2012,231.015
9/5/2012,231.015
9/6/2012,231.015
9/7/2012,231.015
9/8/2012,231.015
9/9/2012,231.015
9/10/2012,231.015
9/11/2012,231.015
9/12/2012,231.015
9/13/2012,231.015
9/14/2012,231.015
9/15/2012,231.015
9/16/2012,231.015
9/17/2012,231.015
9/18/2012,231.015
9/19/2012,231.015
9/20/2012,231.015
9/21/2012,231.015
9/22/2012,231.015
9/23/2012,231.015
9/24/2012,231.015
9/25/2012,231.015
9/26/2012,231.015
9/27/2012,231.015
9/28/2012,231.015
9/29/2012,231.015
9/30/2012,231.015
10/1/2012,231.638
10/2/2012,231.638
10/3/2012,231.638
10/4/2012,231.638
10/5/2012,231.638
10/6/2012,231.638
10/7/2012,231.638
10/8/2012,231.638
10/9/2012,231.638
10/10/2012,231.638
10/11/2012,231.638
10/12/2012,231.638
10/13/2012,231.638
10/14/2012,231.638
10/15/2012,231.638
10/16/2012,231.638
10/17/2012,231.638
10/18/2012,231.638
10/19/2012,231.638
10/20/2012,231.638
10/21/2012,231.638
10/22/2012,231.638
10/23/2012,231.638
10/24/2012,231.638
10/25/2012,231.638
10/26/2012,231.638
10/27/2012,231.638
10/28/2012,231.638
10/29/2012,231.638
10/30/2012,231.638
10/31/2012,231.638
11/1/2012,231.249
11/2/2012,231.249
11/3/2012,231.249
11/4/2012,231.249
11/5/2012,231.249
11/6/2012,231.249
11/7/2012,231.249
11/8/2012,231.249
11/9/2012,231.249
11/10/2012,231.249
11/11/2012,231.249
11/12/2012,231.249
11/13/2012,231.249
11/14/2012,231.249
11/15/2012,231.249
11/16/2012,231.249
11/17/2012,231.249
11/18/2012,231.249
11/19/2012,231.249
11/20/2012,231.249
11/21/2012,231.249
11/22/2012,231.249
11/23/2012,231.249
11/24/2012,231.249
11/25/2012,231.249
11/26/2012,231.249
11/27/2012,231.249
11/28/2012,231.249
11/29/2012,231.249
11/30/2012,231.249
12/1/2012,231.221
12/2/2012,231.221
12/3/2012,231.221
12/4/2012,231.221
12/5/2012,231.221
12/6/2012,231.221
12/7/2012,231.221
12/8/2012,231.221
12/9/2012,231.221
12/10/2012,231.221
12/11/2012,231.221
12/12/2012,231.221
12/13/2012,231.221
12/14/2012,231.221
12/15/2012,231.221
12/16/2012,231.221
12/17/2012,231.221
12/18/2012,231.221
12/19/2012,231.221
12/20/2012,231.221
12/21/2012,231.221
12/22/2012,231.221
12/23/2012,231.221
12/24/2012,231.221
12/25/2012,231.221
12/26/2012,231.221
12/27/2012,231.221
12/28/2012,231.221
12/29/2012,231.221
12/30/2012,231.221
12/31/2012,231.221
1/1/2013,231.679
1/2/2013,231.679
1/3/2013,231.679
1/4/2013,231.679
1/5/2013,231.679
1/6/2013,231.679
1/7/2013,231.679
1/8/2013,231.679
1/9/2013,231.679
1/10/2013,231.679
1/11/2013,231.679
1/12/2013,231.679
1/13/2013,231.679
1/14/2013,231.679
1/15/2013,231.679
1/16/2013,231.679
1/17/2013,231.679
1/18/2013,231.679
1/19/2013,231.679
1/20/2013,231.679
1/21/2013,231.679
1/22/2013,231.679
1/23/2013,231.679
1/24/2013,231.679
1/25/2013,231.679
1/26/2013,231.679
1/27/2013,231.679
1/28/2013,231.679
1/29/2013,231.679
1/30/2013,231.679
1/31/2013,231.679
2/1/2013,232.937
2/2/2013,232.937
2/3/2013,232.937
2/4/2013,232.937
2/5/2013,232.937
2/6/2013,232.937
2/7/2013,232.937
2/8/2013,232.937
2/9/2013,232.937
2/10/2013,232.937
2/11/2013,232.937
2/12/2013,232.937
2/13/2013,232.937
2/14/2013,232.937
2/15/2013,232.937
2/16/2013,232.937
2/17/2013,232.937
2/18/2013,232.937
2/19/2013,232.937
2/20/2013,232.937
2/21/2013,232.937
2/22/2013,232.937
2/23/2013,232.937
2/24/2013,232.937
2/25/2013,232.937
2/26/2013,232.937
2/27/2013,232.937
2/28/2013,232.937
3/1/2013,232.282
3/2/2013,232.282
3/3/2013,232.282
3/4/2013,232.282
3/5/2013,232.282
3/6/2013,232.282
3/7/2013,232.282
3/8/2013,232.282
3/9/2013,232.282
3/10/2013,232.282
3/11/2013,232.282
3/12/2013,232.282
3/13/2013,232.282
3/14/2013,232.282
3/15/2013,232.282
3/16/2013,232.282
3/17/2013,232.282
3/18/2013,232.282
3/19/2013,232.282
3/20/2013,232.282
3/21/2013,232.282
3/22/2013,232.282
3/23/2013,232.282
3/24/2013,232.282
3/25/2013,232.282
3/26/2013,232.282
3/27/2013,232.282
3/28/2013,232.282
3/29/2013,232.282
3/30/2013,232.282
3/31/2013,232.282
4/1/2013,231.797
4/2/2013,231.797
4/3/2013,231.797
4/4/2013,231.797
4/5/2013,231.797
4/6/2013,231.797
4/7/2013,231.797
4/8/2013,231.797
4/9/2013,231.797
4/10/2013,231.797
4/11/2013,231.797
4/12/2013,231.797
4/13/2013,231.797
4/14/2013,231.797
4/15/2013,231.797
4/16/2013,231.797
4/17/2013,231.797
4/18/2013,231.797
4/19/2013,231.797
4/20/2013,231.797
4/21/2013,231.797
4/22/2013,231.797
4/23/2013,231.797
4/24/2013,231.797
4/25/2013,231.797
4/26/2013,231.797
4/27/2013,231.797
4/28/2013,231.797
4/29/2013,231.797
4/30/2013,231.797
5/1/2013,231.893
5/2/2013,231.893
5/3/2013,231.893
5/4/2013,231.893
5/5/2013,231.893
5/6/2013,231.893
5/7/2013,231.893
5/8/2013,231.893
5/9/2013,231.893
5/10/2013,231.893
5/11/2013,231.893
5/12/2013,231.893
5/13/2013,231.893
5/14/2013,231.893
5/15/2013,231.893
5/16/2013,231.893
5/17/2013,231.893
5/18/2013,231.893
5/19/2013,231.893
5/20/2013,231.893
5/21/2013,231.893
5/22/2013,231.893
5/23/2013,231.893
5/24/2013,231.893
5/25/2013,231.893
5/26/2013,231.893
5/27/2013,231.893
5/28/2013,231.893
5/29/2013,231.893
5/30/2013,231.893
5/31/2013,231.893
6/1/2013,232.445
6/2/2013,232.445
6/3/2013,232.445
6/4/2013,232.445
6/5/2013,232.445
6/6/2013,232.445
6/7/2013,232.445
6/8/2013,232.445
6/9/2013,232.445
6/10/2013,232.445
6/11/2013,232.445
6/12/2013,232.445
6/13/2013,232.445
6/14/2013,232.445
6/15/2013,232.445
6/16/2013,232.445
6/17/2013,232.445
6/18/2013,232.445
6/19/2013,232.445
6/20/2013,232.445
6/21/2013,232.445
6/22/2013,232.445
6/23/2013,232.445
6/24/2013,232.445
6/25/2013,232.445
6/26/2013,232.445
6/27/2013,232.445
6/28/2013,232.445
6/29/2013,232.445
6/30/2013,232.445
7/1/2013,232.9
7/2/2013,232.9
7/3/2013,232.9
7/4/2013,232.9
7/5/2013,232.9
7/6/2013,232.9
7/7/2013,232.9
7/8/2013,232.9
7/9/2013,232.9
7/10/2013,232.9
7/11/2013,232.9
7/12/2013,232.9
7/13/2013,232.9
7/14/2013,232.9
7/15/2013,232.9
7/16/2013,232.9
7/17/2013,232.9
7/18/2013,232.9
7/19/2013,232.9
7/20/2013,232.9
7/21/2013,232.9
7/22/2013,232.9
7/23/2013,232.9
7/24/2013,232.9
7/25/2013,232.9
7/26/2013,232.9
7/27/2013,232.9
7/28/2013,232.9
7/29/2013,232.9
7/30/2013,232.9
7/31/2013,232.9
8/1/2013,233.456
8/2/2013,233.456
8/3/2013,233.456
8/4/2013,233.456
8/5/2013,233.456
8/6/2013,233.456
8/7/2013,233.456
8/8/2013,233.456
8/9/2013,233.456
8/10/2013,233.456
8/11/2013,233.456
8/12/2013,233.456
8/13/2013,233.456
8/14/2013,233.456
8/15/2013,233.456
8/16/2013,233.456
8/17/2013,233.456
8/18/2013,233.456
8/19/2013,233.456
8/20/2013,233.456
8/21/2013,233.456
8/22/2013,233.456
8/23/2013,233.456
8/24/2013,233.456
8/25/2013,233.456
8/26/2013,233.456
8/27/2013,233.456
8/28/2013,233.456
8/29/2013,233.456
8/30/2013,233.456
8/31/2013,233.456
9/1/2013,233.544
9/2/2013,233.544
9/3/2013,233.544
9/4/2013,233.544
9/5/2013,233.544
9/6/2013,233.544
9/7/2013,233.544
9/8/2013,233.544
9/9/2013,233.544
9/10/2013,233.544
9/11/2013,233.544
9/12/2013,233.544
9/13/2013,233.544
9/14/2013,233.544
9/15/2013,233.544
9/16/2013,233.544
9/17/2013,233.544
9/18/2013,233.544
9/19/2013,233.544
9/20/2013,233.544
9/21/2013,233.544
9/22/2013,233.544
9/23/2013,233.544
9/24/2013,233.544
9/25/2013,233.544
9/26/2013,233.544
9/27/2013,233.544
9/28/2013,233.544
9/29/2013,233.544
9/30/2013,233.544
10/1/2013,233.669
10/2/2013,233.669
10/3/2013,233.669
10/4/2013,233.669
10/5/2013,233.669
10/6/2013,233.669
10/7/2013,233.669
10/8/2013,233.669
10/9/2013,233.669
10/10/2013,233.669
10/11/2013,233.669
10/12/2013,233.669
10/13/2013,233.669
10/14/2013,233.669
10/15/2013,233.669
10/16/2013,233.669
10/17/2013,233.669
10/18/2013,233.669
10/19/2013,233.669
10/20/2013,233.669
10/21/2013,233.669
10/22/2013,233.669
10/23/2013,233.669
10/24/2013,233.669
10/25/2013,233.669
10/26/2013,233.669
10/27/2013,233.669
10/28/2013,233.669
10/29/2013,233.669
10/30/2013,233.669
10/31/2013,233.669
11/1/2013,234.1
11/2/2013,234.1
11/3/2013,234.1
11/4/2013,234.1
11/5/2013,234.1
11/6/2013,234.1
11/7/2013,234.1
11/8/2013,234.1
11/9/2013,234.1
11/10/2013,234.1
11/11/2013,234.1
11/12/2013,234.1
11/13/2013,234.1
11/14/2013,234.1
11/15/2013,234.1
11/16/2013,234.1
11/17/2013,234.1
11/18/2013,234.1
11/19/2013,234.1
11/20/2013,234.1
11/21/2013,234.1
11/22/2013,234.1
11/23/2013,234.1
11/24/2013,234.1
11/25/2013,234.1
11/26/2013,234.1
11/27/2013,234.1
11/28/2013,234.1
11/29/2013,234.1
11/30/2013,234.1
12/1/2013,234.719
12/2/2013,234.719
12/3/2013,234.719
12/4/2013,234.719
12/5/2013,234.719
12/6/2013,234.719
12/7/2013,234.719
12/8/2013,234.719
12/9/2013,234.719
12/10/2013,234.719
12/11/2013,234.719
12/12/2013,234.719
12/13/2013,234.719
12/14/2013,234.719
12/15/2013,234.719
12/16/2013,234.719
12/17/2013,234.719
12/18/2013,234.719
12/19/2013,234.719
12/20/2013,234.719
12/21/2013,234.719
12/22/2013,234.719
12/23/2013,234.719
12/24/2013,234.719
12/25/2013,234.719
12/26/2013,234.719
12/27/2013,234.719
12/28/2013,234.719
12/29/2013,234.719
12/30/2013,234.719
12/31/2013,234.719
1/1/2014,235.288
1/2/2014,235.288
1/3/2014,235.288
1/4/2014,235.288
1/5/2014,235.288
1/6/2014,235.288
1/7/2014,235.288
1/8/2014,235.288
1/9/2014,235.288
1/10/2014,235.288
1/11/2014,235.288
1/12/2014,235.288
1/13/2014,235.288
1/14/2014,235.288
1/15/2014,235.288
1/16/2014,235.288
1/17/2014,235.288
1/18/2014,235.288
1/19/2014,235.288
1/20/2014,235.288
1/21/2014,235.288
1/22/2014,235.288
1/23/2014,235.288
1/24/2014,235.288
1/25/2014,235.288
1/26/2014,235.288
1/27/2014,235.288
1/28/2014,235.288
1/29/2014,235.288
1/30/2014,235.288
1/31/2014,235.288
2/1/2014,235.547
2/2/2014,235.547
2/3/2014,235.547
2/4/2014,235.547
2/5/2014,235.547
2/6/2014,235.547
2/7/2014,235.547
2/8/2014,235.547
2/9/2014,235.547
2/10/2014,235.547
2/11/2014,235.547
2/12/2014,235.547
2/13/2014,235.547
2/14/2014,235.547
2/15/2014,235.547
2/16/2014,235.547
2/17/2014,235.547
2/18/2014,235.547
2/19/2014,235.547
2/20/2014,235.547
2/21/2014,235.547
2/22/2014,235.547
2/23/2014,235.547
2/24/2014,235.547
2/25/2014,235.547
2/26/2014,235.547
2/27/2014,235.547
2/28/2014,235.547
3/1/2014,236.028
3/2/2014,236.028
3/3/2014,236.028
3/4/2014,236.028
3/5/2014,236.028
3/6/2014,236.028
3/7/2014,236.028
3/8/2014,236.028
3/9/2014,236.028
3/10/2014,236.028
3/11/2014,236.028
3/12/2014,236.028
3/13/2014,236.028
3/14/2014,236.028
3/15/2014,236.028
3/16/2014,236.028
3/17/2014,236.028
3/18/2014,236.028
3/19/2014,236.028
3/20/2014,236.028
3/21/2014,236.028
3/22/2014,236.028
3/23/2014,236.028
3/24/2014,236.028
3/25/2014,236.028
3/26/2014,236.028
3/27/2014,236.028
3/28/2014,236.028
3/29/2014,236.028
3/30/2014,236.028
3/31/2014,236.028
4/1/2014,236.468
4/2/2014,236.468
4/3/2014,236.468
4/4/2014,236.468
4/5/2014,236.468
4/6/2014,236.468
4/7/2014,236.468
4/8/2014,236.468
4/9/2014,236.468
4/10/2014,236.468
4/11/2014,236.468
4/12/2014,236.468
4/13/2014,236.468
4/14/2014,236.468
4/15/2014,236.468
4/16/2014,236.468
4/17/2014,236.468
4/18/2014,236.468
4/19/2014,236.468
4/20/2014,236.468
4/21/2014,236.468
4/22/2014,236.468
4/23/2014,236.468
4/24/2014,236.468
4/25/2014,236.468
4/26/2014,236.468
4/27/2014,236.468
4/28/2014,236.468
4/29/2014,236.468
4/30/2014,236.468
5/1/2014,236.918
5/2/2014,236.918
5/3/2014,236.918
5/4/2014,236.918
5/5/2014,236.918
5/6/2014,236.918
5/7/2014,236.918
5/8/2014,236.918
5/9/2014,236.918
5/10/2014,236.918
5/11/2014,236.918
5/12/2014,236.918
5/13/2014,236.918
5/14/2014,236.918
5/15/2014,236.918
5/16/2014,236.918
5/17/2014,236.918
5/18/2014,236.918
5/19/2014,236.918
5/20/2014,236.918
5/21/2014,236.918
5/22/2014,236.918
5/23/2014,236.918
5/24/2014,236.918
5/25/2014,236.918
5/26/2014,236.918
5/27/2014,236.918
5/28/2014,236.918
5/29/2014,236.918
5/30/2014,236.918
5/31/2014,236.918
6/1/2014,237.231
6/2/2014,237.231
6/3/2014,237.231
6/4/2014,237.231
6/5/2014,237.231
6/6/2014,237.231
6/7/2014,237.231
6/8/2014,237.231
6/9/2014,237.231
6/10/2014,237.231
6/11/2014,237.231
6/12/2014,237.231
6/13/2014,237.231
6/14/2014,237.231
6/15/2014,237.231
6/16/2014,237.231
6/17/2014,237.231
6/18/2014,237.231
6/19/2014,237.231
6/20/2014,237.231
6/21/2014,237.231
6/22/2014,237.231
6/23/2014,237.231
6/24/2014,237.231
6/25/2014,237.231
6/26/2014,237.231
6/27/2014,237.231
6/28/2014,237.231
6/29/2014,237.231
6/30/2014,237.231
7/1/2014,237.498
7/2/2014,237.498
7/3/2014,237.498
7/4/2014,237.498
7/5/2014,237.498
7/6/2014,237.498
7/7/2014,237.498
7/8/2014,237.498
7/9/2014,237.498
7/10/2014,237.498
7/11/2014,237.498
7/12/2014,237.498
7/13/2014,237.498
7/14/2014,237.498
7/15/2014,237.498
7/16/2014,237.498
7/17/2014,237.498
7/18/2014,237.498
7/19/2014,237.498
7/20/2014,237.498
7/21/2014,237.498
7/22/2014,237.498
7/23/2014,237.498
7/24/2014,237.498
7/25/2014,237.498
7/26/2014,237.498
7/27/2014,237.498
7/28/2014,237.498
7/29/2014,237.498
7/30/2014,237.498
7/31/2014,237.498
8/1/2014,237.46
8/2/2014,237.46
8/3/2014,237.46
8/4/2014,237.46
8/5/2014,237.46
8/6/2014,237.46
8/7/2014,237.46
8/8/2014,237.46
8/9/2014,237.46
8/10/2014,237.46
8/11/2014,237.46
8/12/2014,237.46
8/13/2014,237.46
8/14/2014,237.46
8/15/2014,237.46
8/16/2014,237.46
8/17/2014,237.46
8/18/2014,237.46
8/19/2014,237.46
8/20/2014,237.46
8/21/2014,237.46
8/22/2014,237.46
8/23/2014,237.46
8/24/2014,237.46
8/25/2014,237.46
8/26/2014,237.46
8/27/2014,237.46
8/28/2014,237.46
8/29/2014,237.46
8/30/2014,237.46
8/31/2014,237.46
9/1/2014,237.477
9/2/2014,237.477
9/3/2014,237.477
9/4/2014,237.477
9/5/2014,237.477
9/6/2014,237.477
9/7/2014,237.477
9/8/2014,237.477
9/9/2014,237.477
9/10/2014,237.477
9/11/2014,237.477
9/12/2014,237.477
9/13/2014,237.477
9/14/2014,237.477
9/15/2014,237.477
9/16/2014,237.477
9/17/2014,237.477
9/18/2014,237.477
9/19/2014,237.477
9/20/2014,237.477
9/21/2014,237.477
9/22/2014,237.477
9/23/2014,237.477
9/24/2014,237.477
9/25/2014,237.477
9/26/2014,237.477
9/27/2014,237.477
9/28/2014,237.477
9/29/2014,237.477
9/30/2014,237.477
10/1/2014,237.43
10/2/2014,237.43
10/3/2014,237.43
10/4/2014,237.43
10/5/2014,237.43
10/6/2014,237.43
10/7/2014,237.43
10/8/2014,237.43
10/9/2014,237.43
10/10/2014,237.43
10/11/2014,237.43
10/12/2014,237.43
10/13/2014,237.43
10/14/2014,237.43
10/15/2014,237.43
10/16/2014,237.43
10/17/2014,237.43
10/18/2014,237.43
10/19/2014,237.43
10/20/2014,237.43
10/21/2014,237.43
10/22/2014,237.43
10/23/2014,237.43
10/24/2014,237.43
10/25/2014,237.43
10/26/2014,237.43
10/27/2014,237.43
10/28/2014,237.43
10/29/2014,237.43
10/30/2014,237.43
10/31/2014,237.43
11/1/2014,236.983
11/2/2014,236.983
11/3/2014,236.983
11/4/2014,236.983
11/5/2014,236.983
11/6/2014,236.983
11/7/2014,236.983
11/8/2014,236.983
11/9/2014,236.983
11/10/2014,236.983
11/11/2014,236.983
11/12/2014,236.983
11/13/2014,236.983
11/14/2014,236.983
11/15/2014,236.983
11/16/2014,236.983
11/17/2014,236.983
11/18/2014,236.983
11/19/2014,236.983
11/20/2014,236.983
11/21/2014,236.983
11/22/2014,236.983
11/23/2014,236.983
11/24/2014,236.983
11/25/2014,236.983
11/26/2014,236.983
11/27/2014,236.983
11/28/2014,236.983
11/29/2014,236.983
11/30/2014,236.983
12/1/2014,236.252
12/2/2014,236.252
12/3/2014,236.252
12/4/2014,236.252
12/5/2014,236.252
12/6/2014,236.252
12/7/2014,236.252
12/8/2014,236.252
12/9/2014,236.252
12/10/2014,236.252
12/11/2014,236.252
12/12/2014,236.252
12/13/2014,236.252
12/14/2014,236.252
12/15/2014,236.252
12/16/2014,236.252
12/17/2014,236.252
12/18/2014,236.252
12/19/2014,236.252
12/20/2014,236.252
12/21/2014,236.252
12/22/2014,236.252
12/23/2014,236.252
12/24/2014,236.252
12/25/2014,236.252
12/26/2014,236.252
12/27/2014,236.252
12/28/2014,236.252
12/29/2014,236.252
12/30/2014,236.252
12/31/2014,236.252
1/1/2015,234.747
1/2/2015,234.747
1/3/2015,234.747
1/4/2015,234.747
1/5/2015,234.747
1/6/2015,234.747
1/7/2015,234.747
1/8/2015,234.747
1/9/2015,234.747
1/10/2015,234.747
1/11/2015,234.747
1/12/2015,234.747
1/13/2015,234.747
1/14/2015,234.747
1/15/2015,234.747
1/16/2015,234.747
1/17/2015,234.747
1/18/2015,234.747
1/19/2015,234.747
1/20/2015,234.747
1/21/2015,234.747
1/22/2015,234.747
1/23/2015,234.747
1/24/2015,234.747
1/25/2015,234.747
1/26/2015,234.747
1/27/2015,234.747
1/28/2015,234.747
1/29/2015,234.747
1/30/2015,234.747
1/31/2015,234.747
2/1/2015,235.342
2/2/2015,235.342
2/3/2015,235.342
2/4/2015,235.342
2/5/2015,235.342
2/6/2015,235.342
2/7/2015,235.342
2/8/2015,235.342
2/9/2015,235.342
2/10/2015,235.342
2/11/2015,235.342
2/12/2015,235.342
2/13/2015,235.342
2/14/2015,235.342
2/15/2015,235.342
2/16/2015,235.342
2/17/2015,235.342
2/18/2015,235.342
2/19/2015,235.342
2/20/2015,235.342
2/21/2015,235.342
2/22/2015,235.342
2/23/2015,235.342
2/24/2015,235.342
2/25/2015,235.342
2/26/2015,235.342
2/27/2015,235.342
2/28/2015,235.342
3/1/2015,235.976
3/2/2015,235.976
3/3/2015,235.976
3/4/2015,235.976
3/5/2015,235.976
3/6/2015,235.976
3/7/2015,235.976
3/8/2015,235.976
3/9/2015,235.976
3/10/2015,235.976
3/11/2015,235.976
3/12/2015,235.976
3/13/2015,235.976
3/14/2015,235.976
3/15/2015,235.976
3/16/2015,235.976
3/17/2015,235.976
3/18/2015,235.976
3/19/2015,235.976
3/20/2015,235.976
3/21/2015,235.976
3/22/2015,235.976
3/23/2015,235.976
3/24/2015,235.976
3/25/2015,235.976
3/26/2015,235.976
3/27/2015,235.976
3/28/2015,235.976
3/29/2015,235.976
3/30/2015,235.976
3/31/2015,235.976
4/1/2015,236.222
4/2/2015,236.222
4/3/2015,236.222
4/4/2015,236.222
4/5/2015,236.222
4/6/2015,236.222
4/7/2015,236.222
4/8/2015,236.222
4/9/2015,236.222
4/10/2015,236.222
4/11/2015,236.222
4/12/2015,236.222
4/13/2015,236.222
4/14/2015,236.222
4/15/2015,236.222
4/16/2015,236.222
4/17/2015,236.222
4/18/2015,236.222
4/19/2015,236.222
4/20/2015,236.222
4/21/2015,236.222
4/22/2015,236.222
4/23/2015,236.222
4/24/2015,236.222
4/25/2015,236.222
4/26/2015,236.222
4/27/2015,236.222
4/28/2015,236.222
4/29/2015,236.222
4/30/2015,236.222
5/1/2015,237.001
5/2/2015,237.001
5/3/2015,237.001
5/4/2015,237.001
5/5/2015,237.001
5/6/2015,237.001
5/7/2015,237.001
5/8/2015,237.001
5/9/2015,237.001
5/10/2015,237.001
5/11/2015,237.001
5/12/2015,237.001
5/13/2015,237.001
5/14/2015,237.001
5/15/2015,237.001
5/16/2015,237.001
5/17/2015,237.001
5/18/2015,237.001
5/19/2015,237.001
5/20/2015,237.001
5/21/2015,237.001
5/22/2015,237.001
5/23/2015,237.001
5/24/2015,237.001
5/25/2015,237.001
5/26/2015,237.001
5/27/2015,237.001
5/28/2015,237.001
5/29/2015,237.001
5/30/2015,237.001
5/31/2015,237.001
6/1/2015,237.657
6/2/2015,237.657
6/3/2015,237.657
6/4/2015,237.657
6/5/2015,237.657
6/6/2015,237.657
6/7/2015,237.657
6/8/2015,237.657
6/9/2015,237.657
6/10/2015,237.657
6/11/2015,237.657
6/12/2015,237.657
6/13/2015,237.657
6/14/2015,237.657
6/15/2015,237.657
6/16/2015,237.657
6/17/2015,237.657
6/18/2015,237.657
6/19/2015,237.657
6/20/2015,237.657
6/21/2015,237.657
6/22/2015,237.657
6/23/2015,237.657
6/24/2015,237.657
6/25/2015,237.657
6/26/2015,237.657
6/27/2015,237.657
6/28/2015,237.657
6/29/2015,237.657
6/30/2015,237.657
7/1/2015,238.034
7/2/2015,238.034
7/3/2015,238.034
7/4/2015,238.034
7/5/2015,238.034
7/6/2015,238.034
7/7/2015,238.034
7/8/2015,238.034
7/9/2015,238.034
7/10/2015,238.034
7/11/2015,238.034
7/12/2015,238.034
7/13/2015,238.034
7/14/2015,238.034
7/15/2015,238.034
7/16/2015,238.034
7/17/2015,238.034
7/18/2015,238.034
7/19/2015,238.034
7/20/2015,238.034
7/21/2015,238.034
7/22/2015,238.034
7/23/2015,238.034
7/24/2015,238.034
7/25/2015,238.034
7/26/2015,238.034
7/27/2015,238.034
7/28/2015,238.034
7/29/2015,238.034
7/30/2015,238.034
7/31/2015,238.034
8/1/2015,238.033
8/2/2015,238.033
8/3/2015,238.033
8/4/2015,238.033
8/5/2015,238.033
8/6/2015,238.033
8/7/2015,238.033
8/8/2015,238.033
8/9/2015,238.033
8/10/2015,238.033
8/11/2015,238.033
8/12/2015,238.033
8/13/2015,238.033
8/14/2015,238.033
8/15/2015,238.033
8/16/2015,238.033
8/17/2015,238.033
8/18/2015,238.033
8/19/2015,238.033
8/20/2015,238.033
8/21/2015,238.033
8/22/2015,238.033
8/23/2015,238.033
8/24/2015,238.033
8/25/2015,238.033
8/26/2015,238.033
8/27/2015,238.033
8/28/2015,238.033
8/29/2015,238.033
8/30/2015,238.033
8/31/2015,238.033
9/1/2015,237.498
9/2/2015,237.498
9/3/2015,237.498
9/4/2015,237.498
9/5/2015,237.498
9/6/2015,237.498
9/7/2015,237.498
9/8/2015,237.498
9/9/2015,237.498
9/10/2015,237.498
9/11/2015,237.498
9/12/2015,237.498
9/13/2015,237.498
9/14/2015,237.498
9/15/2015,237.498
9/16/2015,237.498
9/17/2015,237.498
9/18/2015,237.498
9/19/2015,237.498
9/20/2015,237.498
9/21/2015,237.498
9/22/2015,237.498
9/23/2015,237.498
9/24/2015,237.498
9/25/2015,237.498
9/26/2015,237.498
9/27/2015,237.498
9/28/2015,237.498
9/29/2015,237.498
9/30/2015,237.498
10/1/2015,237.733
10/2/2015,237.733
10/3/2015,237.733
10/4/2015,237.733
10/5/2015,237.733
10/6/2015,237.733
10/7/2015,237.733
10/8/2015,237.733
10/9/2015,237.733
10/10/2015,237.733
10/11/2015,237.733
10/12/2015,237.733
10/13/2015,237.733
10/14/2015,237.733
10/15/2015,237.733
10/16/2015,237.733
10/17/2015,237.733
10/18/2015,237.733
10/19/2015,237.733
10/20/2015,237.733
10/21/2015,237.733
10/22/2015,237.733
10/23/2015,237.733
10/24/2015,237.733
10/25/2015,237.733
10/26/2015,237.733
10/27/2015,237.733
10/28/2015,237.733
10/29/2015,237.733
10/30/2015,237.733
10/31/2015,237.733
11/1/2015,238.017
11/2/2015,238.017
11/3/2015,238.017
11/4/2015,238.017
11/5/2015,238.017
11/6/2015,238.017
11/7/2015,238.017
11/8/2015,238.017
11/9/2015,238.017
11/10/2015,238.017
11/11/2015,238.017
11/12/2015,238.017
11/13/2015,238.017
11/14/2015,238.017
11/15/2015,238.017
11/16/2015,238.017
11/17/2015,238.017
11/18/2015,238.017
11/19/2015,238.017
11/20/2015,238.017
11/21/2015,238.017
11/22/2015,238.017
11/23/2015,238.017
11/24/2015,238.017
11/25/2015,238.017
11/26/2015,238.017
11/27/2015,238.017
11/28/2015,238.017
11/29/2015,238.017
11/30/2015,238.017
12/1/2015,237.761
12/2/2015,237.761
12/3/2015,237.761
12/4/2015,237.761
12/5/2015,237.761
12/6/2015,237.761
12/7/2015,237.761
12/8/2015,237.761
12/9/2015,237.761
12/10/2015,237.761
12/11/2015,237.761
12/12/2015,237.761
12/13/2015,237.761
12/14/2015,237.761
12/15/2015,237.761
12/16/2015,237.761
12/17/2015,237.761
12/18/2015,237.761
12/19/2015,237.761
12/20/2015,237.761
12/21/2015,237.761
12/22/2015,237.761
12/23/2015,237.761
12/24/2015,237.761
12/25/2015,237.761
12/26/2015,237.761
12/27/2015,237.761
12/28/2015,237.761
12/29/2015,237.761
12/30/2015,237.761
12/31/2015,237.761
1/1/2016,237.652
1/2/2016,237.652
1/3/2016,237.652
1/4/2016,237.652
1/5/2016,237.652
1/6/2016,237.652
1/7/2016,237.652
1/8/2016,237.652
1/9/2016,237.652
1/10/2016,237.652
1/11/2016,237.652
1/12/2016,237.652
1/13/2016,237.652
1/14/2016,237.652
1/15/2016,237.652
1/16/2016,237.652
1/17/2016,237.652
1/18/2016,237.652
1/19/2016,237.652
1/20/2016,237.652
1/21/2016,237.652
1/22/2016,237.652
1/23/2016,237.652
1/24/2016,237.652
1/25/2016,237.652
1/26/2016,237.652
1/27/2016,237.652
1/28/2016,237.652
1/29/2016,237.652
1/30/2016,237.652
1/31/2016,237.652
2/1/2016,237.336
2/2/2016,237.336
2/3/2016,237.336
2/4/2016,237.336
2/5/2016,237.336
2/6/2016,237.336
2/7/2016,237.336
2/8/2016,237.336
2/9/2016,237.336
2/10/2016,237.336
2/11/2016,237.336
2/12/2016,237.336
2/13/2016,237.336
2/14/2016,237.336
2/15/2016,237.336
2/16/2016,237.336
2/17/2016,237.336
2/18/2016,237.336
2/19/2016,237.336
2/20/2016,237.336
2/21/2016,237.336
2/22/2016,237.336
2/23/2016,237.336
2/24/2016,237.336
2/25/2016,237.336
2/26/2016,237.336
2/27/2016,237.336
2/28/2016,237.336
2/29/2016,237.336
3/1/2016,238.08
3/2/2016,238.08
3/3/2016,238.08
3/4/2016,238.08
3/5/2016,238.08
3/6/2016,238.08
3/7/2016,238.08
3/8/2016,238.08
3/9/2016,238.08
3/10/2016,238.08
3/11/2016,238.08
3/12/2016,238.08
3/13/2016,238.08
3/14/2016,238.08
3/15/2016,238.08
3/16/2016,238.08
3/17/2016,238.08
3/18/2016,238.08
3/19/2016,238.08
3/20/2016,238.08
3/21/2016,238.08
3/22/2016,238.08
3/23/2016,238.08
3/24/2016,238.08
3/25/2016,238.08
3/26/2016,238.08
3/27/2016,238.08
3/28/2016,238.08
3/29/2016,238.08
3/30/2016,238.08
3/31/2016,238.08
4/1/2016,238.992
4/2/2016,238.992
4/3/2016,238.992
4/4/2016,238.992
4/5/2016,238.992
4/6/2016,238.992
4/7/2016,238.992
4/8/2016,238.992
4/9/2016,238.992
4/10/2016,238.992
4/11/2016,238.992
4/12/2016,238.992
4/13/2016,238.992
4/14/2016,238.992
4/15/2016,238.992
4/16/2016,238.992
4/17/2016,238.992
4/18/2016,238.992
4/19/2016,238.992
4/20/2016,238.992
4/21/2016,238.992
4/22/2016,238.992
4/23/2016,238.992
4/24/2016,238.992
4/25/2016,238.992
4/26/2016,238.992
4/27/2016,238.992
4/28/2016,238.992
4/29/2016,238.992
4/30/2016,238.992
5/1/2016,239.557
5/2/2016,239.557
5/3/2016,239.557
5/4/2016,239.557
5/5/2016,239.557
5/6/2016,239.557
5/7/2016,239.557
5/8/2016,239.557
5/9/2016,239.557
5/10/2016,239.557
5/11/2016,239.557
5/12/2016,239.557
5/13/2016,239.557
5/14/2016,239.557
5/15/2016,239.557
5/16/2016,239.557
5/17/2016,239.557
5/18/2016,239.557
5/19/2016,239.557
5/20/2016,239.557
5/21/2016,239.557
5/22/2016,239.557
5/23/2016,239.557
5/24/2016,239.557
5/25/2016,239.557
5/26/2016,239.557
5/27/2016,239.557
5/28/2016,239.557
5/29/2016,239.557
5/30/2016,239.557
5/31/2016,239.557
6/1/2016,240.222
6/2/2016,240.222
6/3/2016,240.222
6/4/2016,240.222
6/5/2016,240.222
6/6/2016,240.222
6/7/2016,240.222
6/8/2016,240.222
6/9/2016,240.222
6/10/2016,240.222
6/11/2016,240.222
6/12/2016,240.222
6/13/2016,240.222
6/14/2016,240.222
6/15/2016,240.222
6/16/2016,240.222
6/17/2016,240.222
6/18/2016,240.222
6/19/2016,240.222
6/20/2016,240.222
6/21/2016,240.222
6/22/2016,240.222
6/23/2016,240.222
6/24/2016,240.222
6/25/2016,240.222
6/26/2016,240.222
6/27/2016,240.222
6/28/2016,240.222
6/29/2016,240.222
6/30/2016,240.222
7/1/2016,240.101
7/2/2016,240.101
7/3/2016,240.101
7/4/2016,240.101
7/5/2016,240.101
7/6/2016,240.101
7/7/2016,240.101
7/8/2016,240.101
7/9/2016,240.101
7/10/2016,240.101
7/11/2016,240.101
7/12/2016,240.101
7/13/2016,240.101
7/14/2016,240.101
7/15/2016,240.101
7/16/2016,240.101
7/17/2016,240.101
7/18/2016,240.101
7/19/2016,240.101
7/20/2016,240.101
7/21/2016,240.101
7/22/2016,240.101
7/23/2016,240.101
7/24/2016,240.101
7/25/2016,240.101
7/26/2016,240.101
7/27/2016,240.101
7/28/2016,240.101
7/29/2016,240.101
7/30/2016,240.101
7/31/2016,240.101
8/1/2016,240.545
8/2/2016,240.545
8/3/2016,240.545
8/4/2016,240.545
8/5/2016,240.545
8/6/2016,240.545
8/7/2016,240.545
8/8/2016,240.545
8/9/2016,240.545
8/10/2016,240.545
8/11/2016,240.545
8/12/2016,240.545
8/13/2016,240.545
8/14/2016,240.545
8/15/2016,240.545
8/16/2016,240.545
8/17/2016,240.545
8/18/2016,240.545
8/19/2016,240.545
8/20/2016,240.545
8/21/2016,240.545
8/22/2016,240.545
8/23/2016,240.545
8/24/2016,240.545
8/25/2016,240.545
8/26/2016,240.545
8/27/2016,240.545
8/28/2016,240.545
8/29/2016,240.545
8/30/2016,240.545
8/31/2016,240.545
9/1/2016,241.176
9/2/2016,241.176
9/3/2016,241.176
9/4/2016,241.176
9/5/2016,241.176
9/6/2016,241.176
9/7/2016,241.176
9/8/2016,241.176
9/9/2016,241.176
9/10/2016,241.176
9/11/2016,241.176
9/12/2016,241.176
9/13/2016,241.176
9/14/2016,241.176
9/15/2016,241.176
9/16/2016,241.176
9/17/2016,241.176
9/18/2016,241.176
9/19/2016,241.176
9/20/2016,241.176
9/21/2016,241.176
9/22/2016,241.176
9/23/2016,241.176
9/24/2016,241.176
9/25/2016,241.176
9/26/2016,241.176
9/27/2016,241.176
9/28/2016,241.176
9/29/2016,241.176
9/30/2016,241.176
10/1/2016,241.741
10/2/2016,241.741
10/3/2016,241.741
10/4/2016,241.741
10/5/2016,241.741
10/6/2016,241.741
10/7/2016,241.741
10/8/2016,241.741
10/9/2016,241.741
10/10/2016,241.741
10/11/2016,241.741
10/12/2016,241.741
10/13/2016,241.741
10/14/2016,241.741
10/15/2016,241.741
10/16/2016,241.741
10/17/2016,241.741
10/18/2016,241.741
10/19/2016,241.741
10/20/2016,241.741
10/21/2016,241.741
10/22/2016,241.741
10/23/2016,241.741
10/24/2016,241.741
10/25/2016,241.741
10/26/2016,241.741
10/27/2016,241.741
10/28/2016,241.741
10/29/2016,241.741
10/30/2016,241.741
10/31/2016,241.741
11/1/2016,242.026
11/2/2016,242.026
11/3/2016,242.026
11/4/2016,242.026
11/5/2016,242.026
11/6/2016,242.026
11/7/2016,242.026
11/8/2016,242.026
11/9/2016,242.026
11/10/2016,242.026
11/11/2016,242.026
11/12/2016,242.026
11/13/2016,242.026
11/14/2016,242.026
11/15/2016,242.026
11/16/2016,242.026
11/17/2016,242.026
11/18/2016,242.026
11/19/2016,242.026
11/20/2016,242.026
11/21/2016,242.026
11/22/2016,242.026
11/23/2016,242.026
11/24/2016,242.026
11/25/2016,242.026
11/26/2016,242.026
11/27/2016,242.026
11/28/2016,242.026
11/29/2016,242.026
11/30/2016,242.026
12/1/2016,242.637
12/2/2016,242.637
12/3/2016,242.637
12/4/2016,242.637
12/5/2016,242.637
12/6/2016,242.637
12/7/2016,242.637
12/8/2016,242.637
12/9/2016,242.637
12/10/2016,242.637
12/11/2016,242.637
12/12/2016,242.637
12/13/2016,242.637
12/14/2016,242.637
12/15/2016,242.637
12/16/2016,242.637
12/17/2016,242.637
12/18/2016,242.637
12/19/2016,242.637
12/20/2016,242.637
12/21/2016,242.637
12/22/2016,242.637
12/23/2016,242.637
12/24/2016,242.637
12/25/2016,242.637
12/26/2016,242.637
12/27/2016,242.637
12/28/2016,242.637
12/29/2016,242.637
12/30/2016,242.637
12/31/2016,242.637
1/1/2017,243.618
1/2/2017,243.618
1/3/2017,243.618
1/4/2017,243.618
1/5/2017,243.618
1/6/2017,243.618
1/7/2017,243.618
1/8/2017,243.618
1/9/2017,243.618
1/10/2017,243.618
1/11/2017,243.618
1/12/2017,243.618
1/13/2017,243.618
1/14/2017,243.618
1/15/2017,243.618
1/16/2017,243.618
1/17/2017,243.618
1/18/2017,243.618
1/19/2017,243.618
1/20/2017,243.618
1/21/2017,243.618
1/22/2017,243.618
1/23/2017,243.618
1/24/2017,243.618
1/25/2017,243.618
1/26/2017,243.618
1/27/2017,243.618
1/28/2017,243.618
1/29/2017,243.618
1/30/2017,243.618
1/31/2017,243.618
2/1/2017,244.006
2/2/2017,244.006
2/3/2017,244.006
2/4/2017,244.006
2/5/2017,244.006
2/6/2017,244.006
2/7/2017,244.006
2/8/2017,244.006
2/9/2017,244.006
2/10/2017,244.006
2/11/2017,244.006
2/12/2017,244.006
2/13/2017,244.006
2/14/2017,244.006
2/15/2017,244.006
2/16/2017,244.006
2/17/2017,244.006
2/18/2017,244.006
2/19/2017,244.006
2/20/2017,244.006
2/21/2017,244.006
2/22/2017,244.006
2/23/2017,244.006
2/24/2017,244.006
2/25/2017,244.006
2/26/2017,244.006
2/27/2017,244.006
2/28/2017,244.006
3/1/2017,243.892
3/2/2017,243.892
3/3/2017,243.892
3/4/2017,243.892
3/5/2017,243.892
3/6/2017,243.892
3/7/2017,243.892
3/8/2017,243.892
3/9/2017,243.892
3/10/2017,243.892
3/11/2017,243.892
3/12/2017,243.892
3/13/2017,243.892
3/14/2017,243.892
3/15/2017,243.892
3/16/2017,243.892
3/17/2017,243.892
3/18/2017,243.892
3/19/2017,243.892
3/20/2017,243.892
3/21/2017,243.892
3/22/2017,243.892
3/23/2017,243.892
3/24/2017,243.892
3/25/2017,243.892
3/26/2017,243.892
3/27/2017,243.892
3/28/2017,243.892
3/29/2017,243.892
3/30/2017,243.892
3/31/2017,243.892
4/1/2017,244.193
4/2/2017,244.193
4/3/2017,244.193
4/4/2017,244.193
4/5/2017,244.193
4/6/2017,244.193
4/7/2017,244.193
4/8/2017,244.193
4/9/2017,244.193
4/10/2017,244.193
4/11/2017,244.193
4/12/2017,244.193
4/13/2017,244.193
4/14/2017,244.193
4/15/2017,244.193
4/16/2017,244.193
4/17/2017,244.193
4/18/2017,244.193
4/19/2017,244.193
4/20/2017,244.193
4/21/2017,244.193
4/22/2017,244.193
4/23/2017,244.193
4/24/2017,244.193
4/25/2017,244.193
4/26/2017,244.193
4/27/2017,244.193
4/28/2017,244.193
4/29/2017,244.193
4/30/2017,244.193
5/1/2017,244.004
5/2/2017,244.004
5/3/2017,244.004
5/4/2017,244.004
5/5/2017,244.004
5/6/2017,244.004
5/7/2017,244.004
5/8/2017,244.004
5/9/2017,244.004
5/10/2017,244.004
5/11/2017,244.004
5/12/2017,244.004
5/13/2017,244.004
5/14/2017,244.004
5/15/2017,244.004
5/16/2017,244.004
5/17/2017,244.004
5/18/2017,244.004
5/19/2017,244.004
5/20/2017,244.004
5/21/2017,244.004
5/22/2017,244.004
5/23/2017,244.004
5/24/2017,244.004
5/25/2017,244.004
5/26/2017,244.004
5/27/2017,244.004
5/28/2017,244.004
5/29/2017,244.004
5/30/2017,244.004
5/31/2017,244.004
6/1/2017,244.163
6/2/2017,244.163
6/3/2017,244.163
6/4/2017,244.163
6/5/2017,244.163
6/6/2017,244.163
6/7/2017,244.163
6/8/2017,244.163
6/9/2017,244.163
6/10/2017,244.163
6/11/2017,244.163
6/12/2017,244.163
6/13/2017,244.163
6/14/2017,244.163
6/15/2017,244.163
6/16/2017,244.163
6/17/2017,244.163
6/18/2017,244.163
6/19/2017,244.163
6/20/2017,244.163
6/21/2017,244.163
6/22/2017,244.163
6/23/2017,244.163
6/24/2017,244.163
6/25/2017,244.163
6/26/2017,244.163
6/27/2017,244.163
6/28/2017,244.163
6/29/2017,244.163
6/30/2017,244.163
7/1/2017,244.243
7/2/2017,244.243
7/3/2017,244.243
7/4/2017,244.243
7/5/2017,244.243
7/6/2017,244.243
7/7/2017,244.243
7/8/2017,244.243
7/9/2017,244.243
7/10/2017,244.243
7/11/2017,244.243
7/12/2017,244.243
7/13/2017,244.243
7/14/2017,244.243
7/15/2017,244.243
7/16/2017,244.243
7/17/2017,244.243
7/18/2017,244.243
7/19/2017,244.243
7/20/2017,244.243
7/21/2017,244.243
7/22/2017,244.243
7/23/2017,244.243
7/24/2017,244.243
7/25/2017,244.243
7/26/2017,244.243
7/27/2017,244.243
7/28/2017,244.243
7/29/2017,244.243
7/30/2017,244.243
7/31/2017,244.243
8/1/2017,245.183
8/2/2017,245.183
8/3/2017,245.183
8/4/2017,245.183
8/5/2017,245.183
8/6/2017,245.183
8/7/2017,245.183
8/8/2017,245.183
8/9/2017,245.183
8/10/2017,245.183
8/11/2017,245.183
8/12/2017,245.183
8/13/2017,245.183
8/14/2017,245.183
8/15/2017,245.183
8/16/2017,245.183
8/17/2017,245.183
8/18/2017,245.183
8/19/2017,245.183
8/20/2017,245.183
8/21/2017,245.183
8/22/2017,245.183
8/23/2017,245.183
8/24/2017,245.183
8/25/2017,245.183
8/26/2017,245.183
8/27/2017,245.183
8/28/2017,245.183
8/29/2017,245.183
8/30/2017,245.183
8/31/2017,245.183
9/1/2017,246.435
9/2/2017,246.435
9/3/2017,246.435
9/4/2017,246.435
9/5/2017,246.435
9/6/2017,246.435
9/7/2017,246.435
9/8/2017,246.435
9/9/2017,246.435
9/10/2017,246.435
9/11/2017,246.435
9/12/2017,246.435
9/13/2017,246.435
9/14/2017,246.435
9/15/2017,246.435
9/16/2017,246.435
9/17/2017,246.435
9/18/2017,246.435
9/19/2017,246.435
9/20/2017,246.435
9/21/2017,246.435
9/22/2017,246.435
9/23/2017,246.435
9/24/2017,246.435
9/25/2017,246.435
9/26/2017,246.435
9/27/2017,246.435
9/28/2017,246.435
9/29/2017,246.435
9/30/2017,246.435
10/1/2017,246.626
10/2/2017,246.626
10/3/2017,246.626
10/4/2017,246.626
10/5/2017,246.626
10/6/2017,246.626
10/7/2017,246.626
10/8/2017,246.626
10/9/2017,246.626
10/10/2017,246.626
10/11/2017,246.626
10/12/2017,246.626
10/13/2017,246.626
10/14/2017,246.626
10/15/2017,246.626
10/16/2017,246.626
10/17/2017,246.626
10/18/2017,246.626
10/19/2017,246.626
10/20/2017,246.626
10/21/2017,246.626
10/22/2017,246.626
10/23/2017,246.626
10/24/2017,246.626
10/25/2017,246.626
10/26/2017,246.626
10/27/2017,246.626
10/28/2017,246.626
10/29/2017,246.626
10/30/2017,246.626
10/31/2017,246.626
11/1/2017,247.284
11/2/2017,247.284
11/3/2017,247.284
11/4/2017,247.284
11/5/2017,247.284
11/6/2017,247.284
11/7/2017,247.284
11/8/2017,247.284
11/9/2017,247.284
11/10/2017,247.284
11/11/2017,247.284
11/12/2017,247.284
11/13/2017,247.284
11/14/2017,247.284
11/15/2017,247.284
11/16/2017,247.284
11/17/2017,247.284
11/18/2017,247.284
11/19/2017,247.284
11/20/2017,247.284
11/21/2017,247.284
11/22/2017,247.284
11/23/2017,247.284
11/24/2017,247.284
11/25/2017,247.284
11/26/2017,247.284
11/27/2017,247.284
11/28/2017,247.284
11/29/2017,247.284
11/30/2017,247.284
12/1/2017,247.805
12/2/2017,247.805
12/3/2017,247.805
12/4/2017,247.805
12/5/2017,247.805
12/6/2017,247.805
12/7/2017,247.805
12/8/2017,247.805
12/9/2017,247.805
12/10/2017,247.805
12/11/2017,247.805
12/12/2017,247.805
12/13/2017,247.805
12/14/2017,247.805
12/15/2017,247.805
12/16/2017,247.805
12/17/2017,247.805
12/18/2017,247.805
12/19/2017,247.805
12/20/2017,247.805
12/21/2017,247.805
12/22/2017,247.805
12/23/2017,247.805
12/24/2017,247.805
12/25/2017,247.805
12/26/2017,247.805
12/27/2017,247.805
12/28/2017,247.805
12/29/2017,247.805
12/30/2017,247.805
12/31/2017,247.805
1/1/2018,248.859
1/2/2018,248.859
1/3/2018,248.859
1/4/2018,248.859
1/5/2018,248.859
1/6/2018,248.859
1/7/2018,248.859
1/8/2018,248.859
1/9/2018,248.859
1/10/2018,248.859
1/11/2018,248.859
1/12/2018,248.859
1/13/2018,248.859
1/14/2018,248.859
1/15/2018,248.859
1/16/2018,248.859
1/17/2018,248.859
1/18/2018,248.859
1/19/2018,248.859
1/20/2018,248.859
1/21/2018,248.859
1/22/2018,248.859
1/23/2018,248.859
1/24/2018,248.859
1/25/2018,248.859
1/26/2018,248.859
1/27/2018,248.859
1/28/2018,248.859
1/29/2018,248.859
1/30/2018,248.859
1/31/2018,248.859
2/1/2018,249.529
2/2/2018,249.529
2/3/2018,249.529
2/4/2018,249.529
2/5/2018,249.529
2/6/2018,249.529
2/7/2018,249.529
2/8/2018,249.529
2/9/2018,249.529
2/10/2018,249.529
2/11/2018,249.529
2/12/2018,249.529
2/13/2018,249.529
2/14/2018,249.529
2/15/2018,249.529
2/16/2018,249.529
2/17/2018,249.529
2/18/2018,249.529
2/19/2018,249.529
2/20/2018,249.529
2/21/2018,249.529
2/22/2018,249.529
2/23/2018,249.529
2/24/2018,249.529
2/25/2018,249.529
2/26/2018,249.529
2/27/2018,249.529
2/28/2018,249.529
3/1/2018,249.577
3/2/2018,249.577
3/3/2018,249.577
3/4/2018,249.577
3/5/2018,249.577
3/6/2018,249.577
3/7/2018,249.577
3/8/2018,249.577
3/9/2018,249.577
3/10/2018,249.577
3/11/2018,249.577
3/12/2018,249.577
3/13/2018,249.577
3/14/2018,249.577
3/15/2018,249.577
3/16/2018,249.577
3/17/2018,249.577
3/18/2018,249.577
3/19/2018,249.577
3/20/2018,249.577
3/21/2018,249.577
3/22/2018,249.577
3/23/2018,249.577
3/24/2018,249.577
3/25/2018,249.577
3/26/2018,249.577
3/27/2018,249.577
3/28/2018,249.577
3/29/2018,249.577
3/30/2018,249.577
3/31/2018,249.577
4/1/2018,250.227
4/2/2018,250.227
4/3/2018,250.227
4/4/2018,250.227
4/5/2018,250.227
4/6/2018,250.227
4/7/2018,250.227
4/8/2018,250.227
4/9/2018,250.227
4/10/2018,250.227
4/11/2018,250.227
4/12/2018,250.227
4/13/2018,250.227
4/14/2018,250.227
4/15/2018,250.227
4/16/2018,250.227
4/17/2018,250.227
4/18/2018,250.227
4/19/2018,250.227
4/20/2018,250.227
4/21/2018,250.227
4/22/2018,250.227
4/23/2018,250.227
4/24/2018,250.227
4/25/2018,250.227
4/26/2018,250.227
4/27/2018,250.227
4/28/2018,250.227
4/29/2018,250.227
4/30/2018,250.227
5/1/2018,250.792
5/2/2018,250.792
5/3/2018,250.792
5/4/2018,250.792
5/5/2018,250.792
5/6/2018,250.792
5/7/2018,250.792
5/8/2018,250.792
5/9/2018,250.792
5/10/2018,250.792
5/11/2018,250.792
5/12/2018,250.792
5/13/2018,250.792
5/14/2018,250.792
5/15/2018,250.792
5/16/2018,250.792
5/17/2018,250.792
5/18/2018,250.792
5/19/2018,250.792
5/20/2018,250.792
5/21/2018,250.792
5/22/2018,250.792
5/23/2018,250.792
5/24/2018,250.792
5/25/2018,250.792
5/26/2018,250.792
5/27/2018,250.792
5/28/2018,250.792
5/29/2018,250.792
5/30/2018,250.792
5/31/2018,250.792
6/1/2018,251.018
6/2/2018,251.018
6/3/2018,251.018
6/4/2018,251.018
6/5/2018,251.018
6/6/2018,251.018
6/7/2018,251.018
6/8/2018,251.018
6/9/2018,251.018
6/10/2018,251.018
6/11/2018,251.018
6/12/2018,251.018
6/13/2018,251.018
6/14/2018,251.018
6/15/2018,251.018
6/16/2018,251.018
6/17/2018,251.018
6/18/2018,251.018
6/19/2018,251.018
6/20/2018,251.018
6/21/2018,251.018
6/22/2018,251.018
6/23/2018,251.018
6/24/2018,251.018
6/25/2018,251.018
6/26/2018,251.018
6/27/2018,251.018
6/28/2018,251.018
6/29/2018,251.018
6/30/2018,251.018
7/1/2018,251.214
7/2/2018,251.214
7/3/2018,251.214
7/4/2018,251.214
7/5/2018,251.214
7/6/2018,251.214
7/7/2018,251.214
7/8/2018,251.214
7/9/2018,251.214
7/10/2018,251.214
7/11/2018,251.214
7/12/2018,251.214
7/13/2018,251.214
7/14/2018,251.214
7/15/2018,251.214
7/16/2018,251.214
7/17/2018,251.214
7/18/2018,251.214
7/19/2018,251.214
7/20/2018,251.214
7/21/2018,251.214
7/22/2018,251.214
7/23/2018,251.214
7/24/2018,251.214
7/25/2018,251.214
7/26/2018,251.214
7/27/2018,251.214
7/28/2018,251.214
7/29/2018,251.214
7/30/2018,251.214
7/31/2018,251.214
8/1/2018,251.663
8/2/2018,251.663
8/3/2018,251.663
8/4/2018,251.663
8/5/2018,251.663
8/6/2018,251.663
8/7/2018,251.663
8/8/2018,251.663
8/9/2018,251.663
8/10/2018,251.663
8/11/2018,251.663
8/12/2018,251.663
8/13/2018,251.663
8/14/2018,251.663
8/15/2018,251.663
8/16/2018,251.663
8/17/2018,251.663
8/18/2018,251.663
8/19/2018,251.663
8/20/2018,251.663
8/21/2018,251.663
8/22/2018,251.663
8/23/2018,251.663
8/24/2018,251.663
8/25/2018,251.663
8/26/2018,251.663
8/27/2018,251.663
8/28/2018,251.663
8/29/2018,251.663
8/30/2018,251.663
8/31/2018,251.663
9/1/2018,252.182
9/2/2018,252.182
9/3/2018,252.182
9/4/2018,252.182
9/5/2018,252.182
9/6/2018,252.182
9/7/2018,252.182
9/8/2018,252.182
9/9/2018,252.182
9/10/2018,252.182
9/11/2018,252.182
9/12/2018,252.182
9/13/2018,252.182
9/14/2018,252.182
9/15/2018,252.182
9/16/2018,252.182
9/17/2018,252.182
9/18/2018,252.182
9/19/2018,252.182
9/20/2018,252.182
9/21/2018,252.182
9/22/2018,252.182
9/23/2018,252.182
9/24/2018,252.182
9/25/2018,252.182
9/26/2018,252.182
9/27/2018,252.182
9/28/2018,252.182
9/29/2018,252.182
9/30/2018,252.182
10/1/2018,252.772
10/2/2018,252.772
10/3/2018,252.772
10/4/2018,252.772
10/5/2018,252.772
10/6/2018,252.772
10/7/2018,252.772
10/8/2018,252.772
10/9/2018,252.772
10/10/2018,252.772
10/11/2018,252.772
10/12/2018,252.772
10/13/2018,252.772
10/14/2018,252.772
10/15/2018,252.772
10/16/2018,252.772
10/17/2018,252.772
10/18/2018,252.772
10/19/2018,252.772
10/20/2018,252.772
10/21/2018,252.772
10/22/2018,252.772
10/23/2018,252.772
10/24/2018,252.772
10/25/2018,252.772
10/26/2018,252.772
10/27/2018,252.772
10/28/2018,252.772
10/29/2018,252.772
10/30/2018,252.772
10/31/2018,252.772
11/1/2018,252.594
11/2/2018,252.594
11/3/2018,252.594
11/4/2018,252.594
11/5/2018,252.594
11/6/2018,252.594
11/7/2018,252.594
11/8/2018,252.594
11/9/2018,252.594
11/10/2018,252.594
11/11/2018,252.594
11/12/2018,252.594
11/13/2018,252.594
11/14/2018,252.594
11/15/2018,252.594
11/16/2018,252.594
11/17/2018,252.594
11/18/2018,252.594
11/19/2018,252.594
11/20/2018,252.594
11/21/2018,252.594
11/22/2018,252.594
11/23/2018,252.594
11/24/2018,252.594
11/25/2018,252.594
11/26/2018,252.594
11/27/2018,252.594
11/28/2018,252.594
11/29/2018,252.594
11/30/2018,252.594
12/1/2018,252.767
12/2/2018,252.767
12/3/2018,252.767
12/4/2018,252.767
12/5/2018,252.767
12/6/2018,252.767
12/7/2018,252.767
12/8/2018,252.767
12/9/2018,252.767
12/10/2018,252.767
12/11/2018,252.767
12/12/2018,252.767
12/13/2018,252.767
12/14/2018,252.767
12/15/2018,252.767
12/16/2018,252.767
12/17/2018,252.767
12/18/2018,252.767
12/19/2018,252.767
12/20/2018,252.767
12/21/2018,252.767
12/22/2018,252.767
12/23/2018,252.767
12/24/2018,252.767
12/25/2018,252.767
12/26/2018,252.767
12/27/2018,252.767
12/28/2018,252.767
12/29/2018,252.767
12/30/2018,252.767
12/31/2018,252.767
1/1/2019,252.561
1/2/2019,252.561
1/3/2019,252.561
1/4/2019,252.561
1/5/2019,252.561
1/6/2019,252.561
1/7/2019,252.561
1/8/2019,252.561
1/9/2019,252.561
1/10/2019,252.561
1/11/2019,252.561
1/12/2019,252.561
1/13/2019,252.561
1/14/2019,252.561
1/15/2019,252.561
1/16/2019,252.561
1/17/2019,252.561
1/18/2019,252.561
1/19/2019,252.561
1/20/2019,252.561
1/21/2019,252.561
1/22/2019,252.561
1/23/2019,252.561
1/24/2019,252.561
1/25/2019,252.561
1/26/2019,252.561
1/27/2019,252.561
1/28/2019,252.561
1/29/2019,252.561
1/30/2019,252.561
1/31/2019,252.561
2/1/2019,253.319
2/2/2019,253.319
2/3/2019,253.319
2/4/2019,253.319
2/5/2019,253.319
2/6/2019,253.319
2/7/2019,253.319
2/8/2019,253.319
2/9/2019,253.319
2/10/2019,253.319
2/11/2019,253.319
2/12/2019,253.319
2/13/2019,253.319
2/14/2019,253.319
2/15/2019,253.319
2/16/2019,253.319
2/17/2019,253.319
2/18/2019,253.319
2/19/2019,253.319
2/20/2019,253.319
2/21/2019,253.319
2/22/2019,253.319
2/23/2019,253.319
2/24/2019,253.319
2/25/2019,253.319
2/26/2019,253.319
2/27/2019,253.319
2/28/2019,253.319
3/1/2019,254.277
3/2/2019,254.277
3/3/2019,254.277
3/4/2019,254.277
3/5/2019,254.277
3/6/2019,254.277
3/7/2019,254.277
3/8/2019,254.277
3/9/2019,254.277
3/10/2019,254.277
3/11/2019,254.277
3/12/2019,254.277
3/13/2019,254.277
3/14/2019,254.277
3/15/2019,254.277
3/16/2019,254.277
3/17/2019,254.277
3/18/2019,254.277
3/19/2019,254.277
3/20/2019,254.277
3/21/2019,254.277
3/22/2019,254.277
3/23/2019,254.277
3/24/2019,254.277
3/25/2019,254.277
3/26/2019,254.277
3/27/2019,254.277
3/28/2019,254.277
3/29/2019,254.277
3/30/2019,254.277
3/31/2019,254.277
4/1/2019,255.233
4/2/2019,255.233
4/3/2019,255.233
4/4/2019,255.233
4/5/2019,255.233
4/6/2019,255.233
4/7/2019,255.233
4/8/2019,255.233
4/9/2019,255.233
4/10/2019,255.233
4/11/2019,255.233
4/12/2019,255.233
4/13/2019,255.233
4/14/2019,255.233
4/15/2019,255.233
4/16/2019,255.233
4/17/2019,255.233
4/18/2019,255.233
4/19/2019,255.233
4/20/2019,255.233
4/21/2019,255.233
4/22/2019,255.233
4/23/2019,255.233
4/24/2019,255.233
4/25/2019,255.233
4/26/2019,255.233
4/27/2019,255.233
4/28/2019,255.233
4/29/2019,255.233
4/30/2019,255.233
5/1/2019,255.296
5/2/2019,255.296
5/3/2019,255.296
5/4/2019,255.296
5/5/2019,255.296
5/6/2019,255.296
5/7/2019,255.296
5/8/2019,255.296
5/9/2019,255.296
5/10/2019,255.296
5/11/2019,255.296
5/12/2019,255.296
5/13/2019,255.296
5/14/2019,255.296
5/15/2019,255.296
5/16/2019,255.296
5/17/2019,255.296
5/18/2019,255.296
5/19/2019,255.296
5/20/2019,255.296
5/21/2019,255.296
5/22/2019,255.296
5/23/2019,255.296
5/24/2019,255.296
5/25/2019,255.296
5/26/2019,255.296
5/27/2019,255.296
5/28/2019,255.296
5/29/2019,255.296
5/30/2019,255.296
5/31/2019,255.296
6/1/2019,255.213
6/2/2019,255.213
6/3/2019,255.213
6/4/2019,255.213
6/5/2019,255.213
6/6/2019,255.213
6/7/2019,255.213
6/8/2019,255.213
6/9/2019,255.213
6/10/2019,255.213
6/11/2019,255.213
6/12/2019,255.213
6/13/2019,255.213
6/14/2019,255.213
6/15/2019,255.213
6/16/2019,255.213
6/17/2019,255.213
6/18/2019,255.213
6/19/2019,255.213
6/20/2019,255.213
6/21/2019,255.213
6/22/2019,255.213
6/23/2019,255.213
6/24/2019,255.213
6/25/2019,255.213
6/26/2019,255.213
6/27/2019,255.213
6/28/2019,255.213
6/29/2019,255.213
6/30/2019,255.213
7/1/2019,255.802
7/2/2019,255.802
7/3/2019,255.802
7/4/2019,255.802
7/5/2019,255.802
7/6/2019,255.802
7/7/2019,255.802
7/8/2019,255.802
7/9/2019,255.802
7/10/2019,255.802
7/11/2019,255.802
7/12/2019,255.802
7/13/2019,255.802
7/14/2019,255.802
7/15/2019,255.802
7/16/2019,255.802
7/17/2019,255.802
7/18/2019,255.802
7/19/2019,255.802
7/20/2019,255.802
7/21/2019,255.802
7/22/2019,255.802
7/23/2019,255.802
7/24/2019,255.802
7/25/2019,255.802
7/26/2019,255.802
7/27/2019,255.802
7/28/2019,255.802
7/29/2019,255.802
7/30/2019,255.802
7/31/2019,255.802
8/1/2019,256.036
8/2/2019,256.036
8/3/2019,256.036
8/4/2019,256.036
8/5/2019,256.036
8/6/2019,256.036
8/7/2019,256.036
8/8/2019,256.036
8/9/2019,256.036
8/10/2019,256.036
8/11/2019,256.036
8/12/2019,256.036
8/13/2019,256.036
8/14/2019,256.036
8/15/2019,256.036
8/16/2019,256.036
8/17/2019,256.036
8/18/2019,256.036
8/19/2019,256.036
8/20/2019,256.036
8/21/2019,256.036
8/22/2019,256.036
8/23/2019,256.036
8/24/2019,256.036
8/25/2019,256.036
8/26/2019,256.036
8/27/2019,256.036
8/28/2019,256.036
8/29/2019,256.036
8/30/2019,256.036
8/31/2019,256.036
9/1/2019,256.43
9/2/2019,256.43
9/3/2019,256.43
9/4/2019,256.43
9/5/2019,256.43
9/6/2019,256.43
9/7/2019,256.43
9/8/2019,256.43
9/9/2019,256.43
9/10/2019,256.43
9/11/2019,256.43
9/12/2019,256.43
9/13/2019,256.43
9/14/2019,256.43
9/15/2019,256.43
9/16/2019,256.43
9/17/2019,256.43
9/18/2019,256.43
9/19/2019,256.43
9/20/2019,256.43
9/21/2019,256.43
9/22/2019,256.43
9/23/2019,256.43
9/24/2019,256.43
9/25/2019,256.43
9/26/2019,256.43
9/27/2019,256.43
9/28/2019,256.43
9/29/2019,256.43
9/30/2019,256.43
10/1/2019,257.155
10/2/2019,257.155
10/3/2019,257.155
10/4/2019,257.155
10/5/2019,257.155
10/6/2019,257.155
10/7/2019,257.155
10/8/2019,257.155
10/9/2019,257.155
10/10/2019,257.155
10/11/2019,257.155
10/12/2019,257.155
10/13/2019,257.155
10/14/2019,257.155
10/15/2019,257.155
10/16/2019,257.155
10/17/2019,257.155
10/18/2019,257.155
10/19/2019,257.155
10/20/2019,257.155
10/21/2019,257.155
10/22/2019,257.155
10/23/2019,257.155
10/24/2019,257.155
10/25/2019,257.155
10/26/2019,257.155
10/27/2019,257.155
10/28/2019,257.155
10/29/2019,257.155
10/30/2019,257.155
10/31/2019,257.155
11/1/2019,257.879
11/2/2019,257.879
11/3/2019,257.879
11/4/2019,257.879
11/5/2019,257.879
11/6/2019,257.879
11/7/2019,257.879
11/8/2019,257.879
11/9/2019,257.879
11/10/2019,257.879
11/11/2019,257.879
11/12/2019,257.879
11/13/2019,257.879
11/14/2019,257.879
11/15/2019,257.879
11/16/2019,257.879
11/17/2019,257.879
11/18/2019,257.879
11/19/2019,257.879
11/20/2019,257.879
11/21/2019,257.879
11/22/2019,257.879
11/23/2019,257.879
11/24/2019,257.879
11/25/2019,257.879
11/26/2019,257.879
11/27/2019,257.879
11/28/2019,257.879
11/29/2019,257.879
11/30/2019,257.879
12/1/2019,258.63
12/2/2019,258.63
12/3/2019,258.63
12/4/2019,258.63
12/5/2019,258.63
12/6/2019,258.63
12/7/2019,258.63
12/8/2019,258.63
12/9/2019,258.63
12/10/2019,258.63
12/11/2019,258.63
12/12/2019,258.63
12/13/2019,258.63
12/14/2019,258.63
12/15/2019,258.63
12/16/2019,258.63
12/17/2019,258.63
12/18/2019,258.63
12/19/2019,258.63
12/20/2019,258.63
12/21/2019,258.63
12/22/2019,258.63
12/23/2019,258.63
12/24/2019,258.63
12/25/2019,258.63
12/26/2019,258.63
12/27/2019,258.63
12/28/2019,258.63
12/29/2019,258.63
12/30/2019,258.63
12/31/2019,258.63
1/1/2020,258.906
1/2/2020,258.906
1/3/2020,258.906
1/4/2020,258.906
1/5/2020,258.906
1/6/2020,258.906
1/7/2020,258.906
1/8/2020,258.906
1/9/2020,258.906
1/10/2020,258.906
1/11/2020,258.906
1/12/2020,258.906
1/13/2020,258.906
1/14/2020,258.906
1/15/2020,258.906
1/16/2020,258.906
1/17/2020,258.906
1/18/2020,258.906
1/19/2020,258.906
1/20/2020,258.906
1/21/2020,258.906
1/22/2020,258.906
1/23/2020,258.906
1/24/2020,258.906
1/25/2020,258.906
1/26/2020,258.906
1/27/2020,258.906
1/28/2020,258.906
1/29/2020,258.906
1/30/2020,258.906
1/31/2020,258.906
